[
  {
    "name": "Fuensanta de Martos",
    "region": "Área metropolitana de Jaén",
    "slug": "fuensanta-de-martos"
  },
  {
    "name": "Fuerte del Rey",
    "region": "Área metropolitana de Jaén",
    "slug": "fuerte-del-rey"
  },
  {
    "name": "Higuera de Calatrava",
    "region": "Área metropolitana de Jaén",
    "slug": "higuera-de-calatrava"
  },
  {
    "name": "Jaén",
    "region": "Área metropolitana de Jaén",
    "slug": "jaen"
  },
  {
    "name": "Jamilena",
    "region": "Área metropolitana de Jaén",
    "slug": "jamilena"
  },
  {
    "name": "La Guardia de Jaén",
    "region": "Área metropolitana de Jaén",
    "slug": "la-guardia-de-jaen"
  },
  {
    "name": "Los Villares",
    "region": "Área metropolitana de Jaén",
    "slug": "los-villares"
  },
  {
    "name": "Mancha Real",
    "region": "Área metropolitana de Jaén",
    "slug": "mancha-real"
  },
  {
    "name": "Martos",
    "region": "Área metropolitana de Jaén",
    "slug": "martos"
  },
  {
    "name": "Mengíbar",
    "region": "Área metropolitana de Jaén",
    "slug": "mengibar"
  },
  {
    "name": "Porcuna",
    "region": "Área metropolitana de Jaén",
    "slug": "porcuna"
  },
  {
    "name": "Santiago de Calatrava",
    "region": "Área metropolitana de Jaén",
    "slug": "santiago-de-calatrava"
  },
  {
    "name": "Torre del Campo",
    "region": "Área metropolitana de Jaén",
    "slug": "torre-del-campo"
  },
  {
    "name": "Torreblascopedro",
    "region": "Área metropolitana de Jaén",
    "slug": "torreblascopedro"
  },
  {
    "name": "Torredonjimeno",
    "region": "Área metropolitana de Jaén",
    "slug": "torredonjimeno"
  },
  {
    "name": "Villardompardo",
    "region": "Área metropolitana de Jaén",
    "slug": "villardompardo"
  },
  {
    "name": "Villatorres",
    "region": "Área metropolitana de Jaén",
    "slug": "villatorres"
  },
  {
    "name": "Cazorla",
    "region": "Alto Guadalquivir",
    "slug": "cazorla"
  },
  {
    "name": "Chilluévar",
    "region": "Alto Guadalquivir",
    "slug": "chilluevar"
  },
  {
    "name": "Hinojares",
    "region": "Alto Guadalquivir",
    "slug": "hinojares"
  },
  {
    "name": "Huesa",
    "region": "Alto Guadalquivir",
    "slug": "huesa"
  },
  {
    "name": "La Iruela",
    "region": "Alto Guadalquivir",
    "slug": "la-iruela"
  },
  {
    "name": "Peal de Becerro",
    "region": "Alto Guadalquivir",
    "slug": "peal-de-becerro"
  },
  {
    "name": "Pozo Alcón",
    "region": "Alto Guadalquivir",
    "slug": "pozo-alcon"
  },
  {
    "name": "Quesada",
    "region": "Alto Guadalquivir",
    "slug": "quesada"
  },
  {
    "name": "Santo Tomé",
    "region": "Alto Guadalquivir",
    "slug": "santo-tome"
  },
  {
    "name": "Andújar",
    "region": "Campiña",
    "slug": "andujar"
  },
  {
    "name": "Arjona",
    "region": "Campiña",
    "slug": "arjona"
  },
  {
    "name": "Arjonilla",
    "region": "Campiña",
    "slug": "arjonilla"
  },
  {
    "name": "Cazalilla",
    "region": "Campiña",
    "slug": "cazalilla"
  },
  {
    "name": "Escañuela",
    "region": "Campiña",
    "slug": "escanuela"
  },
  {
    "name": "Espelúy",
    "region": "Campiña",
    "slug": "espeluy"
  },
  {
    "name": "Lahiguera",
    "region": "Campiña",
    "slug": "lahiguera"
  },
  {
    "name": "Lopera",
    "region": "Campiña",
    "slug": "lopera"
  },
  {
    "name": "Marmolejo",
    "region": "Campiña",
    "slug": "marmolejo"
  },
  {
    "name": "Villanueva de la Reina",
    "region": "Campiña",
    "slug": "villanueva-de-la-reina"
  },
  {
    "name": "Arquillos",
    "region": "El Condado",
    "slug": "arquillos"
  },
  {
    "name": "Castellar",
    "region": "El Condado",
    "slug": "castellar"
  },
  {
    "name": "Chiclana de Segura",
    "region": "El Condado",
    "slug": "chiclana-de-segura"
  },
  {
    "name": "Montizón",
    "region": "El Condado",
    "slug": "montizon"
  },
  {
    "name": "Navas de San Juan",
    "region": "El Condado",
    "slug": "navas-de-san-juan"
  },
  {
    "name": "Santisteban del Puerto",
    "region": "El Condado",
    "slug": "santisteban-del-puerto"
  },
  {
    "name": "Vilches",
    "region": "El Condado",
    "slug": "vilches"
  },
  {
    "name": "Úbeda",
    "region": "La Loma y Las Villas",
    "slug": "ubeda"
  },
  {
    "name": "Baeza",
    "region": "La Loma y Las Villas",
    "slug": "baeza"
  },
  {
    "name": "Begíjar",
    "region": "La Loma y Las Villas",
    "slug": "begijar"
  },
  {
    "name": "Canena",
    "region": "La Loma y Las Villas",
    "slug": "canena"
  },
  {
    "name": "Ibros",
    "region": "La Loma y Las Villas",
    "slug": "ibros"
  },
  {
    "name": "Iznatoraf",
    "region": "La Loma y Las Villas",
    "slug": "iznatoraf"
  },
  {
    "name": "Lupión",
    "region": "La Loma y Las Villas",
    "slug": "lupion"
  },
  {
    "name": "Rus",
    "region": "La Loma y Las Villas",
    "slug": "rus"
  },
  {
    "name": "Sabiote",
    "region": "La Loma y Las Villas",
    "slug": "sabiote"
  },
  {
    "name": "Sorihuela del Guadalimar",
    "region": "La Loma y Las Villas",
    "slug": "sorihuela-del-guadalimar"
  },
  {
    "name": "Torreperogil",
    "region": "La Loma y Las Villas",
    "slug": "torreperogil"
  },
  {
    "name": "Villacarrillo",
    "region": "La Loma y Las Villas",
    "slug": "villacarrillo"
  },
  {
    "name": "Villanueva del Arzobispo",
    "region": "La Loma y Las Villas",
    "slug": "villanueva-del-arzobispo"
  },
  {
    "name": "Arroyo del Ojanco",
    "region": "Sierra De Segura",
    "slug": "arroyo-del-ojanco"
  },
  {
    "name": "Beas de Segura",
    "region": "Sierra De Segura",
    "slug": "beas-de-segura"
  },
  {
    "name": "Benatae",
    "region": "Sierra De Segura",
    "slug": "benatae"
  },
  {
    "name": "Génave",
    "region": "Sierra De Segura",
    "slug": "genave"
  },
  {
    "name": "Hornos",
    "region": "Sierra De Segura",
    "slug": "hornos"
  },
  {
    "name": "La Puerta de Segura",
    "region": "Sierra De Segura",
    "slug": "la-puerta-de-segura"
  },
  {
    "name": "Orcera",
    "region": "Sierra De Segura",
    "slug": "orcera"
  },
  {
    "name": "Puente de Génave",
    "region": "Sierra De Segura",
    "slug": "puente-de-genave"
  },
  {
    "name": "Santiago-Pontones",
    "region": "Sierra De Segura",
    "slug": "santiago-pontones"
  },
  {
    "name": "Segura de la Sierra",
    "region": "Sierra De Segura",
    "slug": "segura-de-la-sierra"
  },
  {
    "name": "Siles",
    "region": "Sierra De Segura",
    "slug": "siles"
  },
  {
    "name": "Torres de Albánchez",
    "region": "Sierra De Segura",
    "slug": "torres-de-albanchez"
  },
  {
    "name": "Villarrodrigo",
    "region": "Sierra De Segura",
    "slug": "villarrodrigo"
  },
  {
    "name": "Albanchez de Mágina",
    "region": "Sierra Magina",
    "slug": "albanchez-de-magina"
  },
  {
    "name": "Bélmez de la Moraleda",
    "region": "Sierra Magina",
    "slug": "belmez-de-la-moraleda"
  },
  {
    "name": "Bedmar y Garcíez",
    "region": "Sierra Magina",
    "slug": "bedmar-y-garciez"
  },
  {
    "name": "Cárcheles",
    "region": "Sierra Magina",
    "slug": "carcheles"
  },
  {
    "name": "Cabra del Santo Cristo",
    "region": "Sierra Magina",
    "slug": "cabra-del-santo-cristo"
  },
  {
    "name": "Cambil",
    "region": "Sierra Magina",
    "slug": "cambil"
  },
  {
    "name": "Campillo de Arenas",
    "region": "Sierra Magina",
    "slug": "campillo-de-arenas"
  },
  {
    "name": "Huelma",
    "region": "Sierra Magina",
    "slug": "huelma"
  },
  {
    "name": "Jódar",
    "region": "Sierra Magina",
    "slug": "jodar"
  },
  {
    "name": "Jimena",
    "region": "Sierra Magina",
    "slug": "jimena"
  },
  {
    "name": "Larva",
    "region": "Sierra Magina",
    "slug": "larva"
  },
  {
    "name": "Noalejo",
    "region": "Sierra Magina",
    "slug": "noalejo"
  },
  {
    "name": "Pegalajar",
    "region": "Sierra Magina",
    "slug": "pegalajar"
  },
  {
    "name": "Torres",
    "region": "Sierra Magina",
    "slug": "torres"
  },
  {
    "name": "Aldeaquemada",
    "region": "Sierra Norte",
    "slug": "aldeaquemada"
  },
  {
    "name": "Baños de la Encina",
    "region": "Sierra Norte",
    "slug": "banos-de-la-encina"
  },
  {
    "name": "Bailén",
    "region": "Sierra Norte",
    "slug": "bailen"
  },
  {
    "name": "Carboneros",
    "region": "Sierra Norte",
    "slug": "carboneros"
  },
  {
    "name": "Guarromán",
    "region": "Sierra Norte",
    "slug": "guarroman"
  },
  {
    "name": "Jabalquinto",
    "region": "Sierra Norte",
    "slug": "jabalquinto"
  },
  {
    "name": "La Carolina",
    "region": "Sierra Norte",
    "slug": "la-carolina"
  },
  {
    "name": "Linares",
    "region": "Sierra Norte",
    "slug": "linares"
  },
  {
    "name": "Santa Elena",
    "region": "Sierra Norte",
    "slug": "santa-elena"
  },
  {
    "name": "Alcalá la Real",
    "region": "Sierra Sur",
    "slug": "alcala-la-real"
  },
  {
    "name": "Alcaudete",
    "region": "Sierra Sur",
    "slug": "alcaudete"
  },
  {
    "name": "Castillo de Locubín",
    "region": "Sierra Sur",
    "slug": "castillo-de-locubin"
  },
  {
    "name": "Frailes",
    "region": "Sierra Sur",
    "slug": "frailes"
  },
  {
    "name": "Valdepeñas de Jaén",
    "region": "Sierra Sur",
    "slug": "valdepenas-de-jaen"
  }
]